記録の分類_タイプ産地or標本記録or文献記録or疑わしいかどうか,和名,学名,Latitude_assumed,Longitude_assumed,採集年,採集月,日付,都道府県_jp,島_jp,階級,未記載種の可能性が高い_幼体等で同定が困難な場合はno,Genus,Family,Order,個体数,成体の有無,採集者_jp,採集者_en,文献ID,掲載ページ,オリジナル,文献中の和名,文献中で有効とされる学名_文献紹介など、その文献中で有効とされる学名がわからない場合はハイフンを記入してください。,場所（原文ママ）,メモ,記入者,記入日付,出版年
7_疑わしい文献記録,ヤマシナフジヤスデ,Anaulaciulus yamashinai,28.2678467,129.3621196,-,-,-,鹿児島県,奄美大島,species,no,Anaulaciulus,Julidae,Julida,-,no,-,-,L00155,174,no,ヤマシナフジヤスデ,Fusiulus yamashinai,奄美大島,,Ryosuke Kuwahara,2023-IX-25,1954
7_疑わしい文献記録,ヤマシナフジヤスデ,Anaulaciulus yamashinai,28.2678467,129.3621196,-,-,-,鹿児島県,奄美大島,species,no,Anaulaciulus,Julidae,Julida,-,no,-,-,L00079,152,no,ヤマシナフジヤスデ,Fusiulus yamashinai,奄美大島,,Ryosuke Kuwahara,2024-IX-25,1959
7_疑わしい文献記録,ヤマシナフジヤスデ,Anaulaciulus yamashinai,28.2678467,129.3621196,-,-,-,鹿児島県,奄美大島,species,no,Anaulaciulus,Julidae,Julida,-,yes,-,-,L00147,224,yes,-,Fusiulus yamashinai,Amami Osima 奄美大島,桒原による調査では，奄美大島からは発見できなかった．沖縄島では多数発見されることから，奄美大島の記録は疑わしいと考える．,Ryosuke Kuwahara,2022-IX-28,1941
7_疑わしい文献記録,ホルストネジアシヤスデ,Helicorthomorpha holstii,28.2678467,129.3621196,-,-,-,鹿児島県,奄美大島,species,no,Helicorthomorpha,Paradoxosomatidae,Polydesmida,-,no,-,-,L00552,4,yes,ネジアシヤスデ,Helicothomorhpa[sic] trbobata[sic],奄美本島,大嶺哲雄氏による同定である．大嶺氏の同定や報告には一貫性がなく，確かな記録として扱うことができない．十分な同定理由の無い記録は疑わしい記録として扱う．,Ryosuke Kuwahara,2022-XII-17,1962
7_疑わしい文献記録,アマミアマビコヤスデ,Riukiaria scutata,28.455972,129.594553,-,-,-,鹿児島県,奄美大島,species,no,Riukiaria,Xystodesmidae,Polydesmida,-,no,-,-,L00552,5,yes,アマミアマビコヤスデ,Rhysodesmus scutata,奄美大島,大嶺哲雄氏による同定である．大嶺氏の同定や報告には一貫性がなく，確かな記録として扱うことができない．十分な同定理由の無い記録は疑わしい記録として扱う．,Ryosuke Kuwahara,2022-XII-19,1962
7_疑わしい文献記録,フタマタアマビコヤスデ,Riukiaria bifida,28.2678467,129.3621196,-,-,-,鹿児島県,奄美大島,species,no,Riukiaria,Xystodesmidae,Polydesmida,-,no,-,-,L00552,5,yes,フタマタアマビコヤスデ,Rhysodesmus bifidus,奄美大島,大嶺哲雄氏による同定である．大嶺氏の同定や報告には一貫性がなく，確かな記録として扱うことができない．十分な同定理由の無い記録は疑わしい記録として扱う．,Ryosuke Kuwahara,2022-XII-19,1962
7_疑わしい文献記録,ヤマシナフジヤスデ,Anaulaciulus yamashinai,28.2678467,129.3621196,-,-,-,鹿児島県,奄美大島,species,no,Anaulaciulus,Julidae,Julida,-,no,-,-,L00552,5,yes,ヤマシナフジヤスデ,Fusiulus yamashina[sic],奄美大島,大嶺哲雄氏による同定である．大嶺氏の同定や報告には一貫性がなく，確かな記録として扱うことができない．十分な同定理由の無い記録は疑わしい記録として扱う．,Ryosuke Kuwahara,2022-XII-19,1962
7_疑わしい文献記録,ヤマシナフジヤスデ,Anaulaciulus yamashinai,28.2678467,129.3621196,-,-,-,鹿児島県,奄美大島,species,no,Anaulaciulus,Julidae,Julida,-,no,-,-,L01113,160,yes,-,Fusiulus yamashinai,Amami-oshima,大嶺哲雄氏による同定である．大嶺氏の同定や報告には一貫性がなく，確かな記録として扱うことができない．十分な同定理由の無い記録は疑わしい記録として扱う．,Ryosuke Kuwahara,2022-XII-21,1977
7_疑わしい文献記録,ニホンフサヤスデ属の一種,Eudigraphis sp.,28.2678467,129.3621196,-,-,-,鹿児島県,奄美大島,genus,no,Eudigraphis,Polyxenidae,Polyxenida,-,no,-,-,L01113,160,yes,-,Monographis sp.,Amami-oshima,大嶺哲雄氏による同定である．大嶺氏の同定や報告には一貫性がなく，確かな記録として扱うことができない．十分な同定理由の無い記録は疑わしい記録として扱う．,Ryosuke Kuwahara,2022-XII-21,1977
7_疑わしい文献記録,ホルストネジアシヤスデ,Helicorthomorpha holstii,28.2678467,129.3621196,-,-,-,鹿児島県,奄美大島,species,no,Helicorthomorpha,Paradoxosomatidae,Polydesmida,-,no,-,-,L01113,160,yes,-,Helicorthomorpha holstii trilobata,Amami-oshima,大嶺哲雄氏による同定である．大嶺氏の同定や報告には一貫性がなく，確かな記録として扱うことができない．十分な同定理由の無い記録は疑わしい記録として扱う．,Ryosuke Kuwahara,2022-XII-21,1977
7_疑わしい文献記録,アオヤスデ属の一種,Rhysodesmus sp.,28.2678467,129.3621196,-,-,-,鹿児島県,奄美大島,genus,no,Rhysodesmus,Xystodesmidae,Polydesmida,-,no,-,-,L01113,160,yes,-,Rhyusedesmus[sic],Amami-oshima,大嶺哲雄氏による同定である．大嶺氏の同定や報告には一貫性がなく，確かな記録として扱うことができない．十分な同定理由の無い記録は疑わしい記録として扱う．,Ryosuke Kuwahara,2022-XII-21,1977
7_疑わしい文献記録,アマビコヤスデ,Riukiaria semicircularis,28.2678467,129.3621196,-,-,-,鹿児島県,奄美大島,species,no,Riukiaria,Xystodesmidae,Polydesmida,-,no,-,-,L01113,160,yes,-,Rhysolus semicirecularis[sic],Amami-oshima,大嶺哲雄氏による同定である．大嶺氏の同定や報告には一貫性がなく，確かな記録として扱うことができない．十分な同定理由の無い記録は疑わしい記録として扱う．,Ryosuke Kuwahara,2022-XII-21,1977
7_疑わしい文献記録,フタマタアマビコヤスデ,Riukiaria bifida,28.2678467,129.3621196,-,-,-,鹿児島県,奄美大島,species,no,Riukiaria,Xystodesmidae,Polydesmida,-,no,-,-,L01113,160,yes,-,Rhysolus bifidus,Amami-oshima,大嶺哲雄氏による同定である．大嶺氏の同定や報告には一貫性がなく，確かな記録として扱うことができない．十分な同定理由の無い記録は疑わしい記録として扱う．,Ryosuke Kuwahara,2022-XII-21,1977
7_疑わしい文献記録,ヤケヤスデ,Oxidus gracilis,28.35861032,129.4957134,-,-,-,鹿児島県,奄美大島,species,no,Oxidus,Paradoxosomatidae,Polydesmida,-,no,-,-,L01113,160,yes,-,Oxidus gracilis,Amami-oshima,大嶺哲雄氏による同定である．大嶺氏の同定や報告には一貫性がなく，確かな記録として扱うことができない．十分な同定理由の無い記録は疑わしい記録として扱う．,Ryosuke Kuwahara,2022-XII-21,1977
7_疑わしい文献記録,オウギヤスデ,Cryptocorypha japonica,28.2961795,129.3214235,1980,3,1980-III-25,鹿児島県,奄美大島,species,no,Cryptocorypha,Pyrgodesmidae,Polydesmida,1ex.,no,寺山 守,Mamoru Terayama,L01208,11,yes,-,Archandrodesmus japonicus,"Uken-V. (Mt. Yuwan-dake), Amami-Oshima",,Ryosuke Kuwahara,2022-XII-27,1981
7_疑わしい文献記録,オウギヤスデ,Cryptocorypha japonica,28.2678467,129.3621196,-,-,-,鹿児島県,奄美大島,species,no,Cryptocorypha,Pyrgodesmidae,Polydesmida,-,no,-,-,L00694,118,yes,オオギヤスデ,-,奄美,大嶺哲雄氏による同定である．大嶺氏の同定や報告には一貫性がなく，確かな記録として扱うことができない．十分な同定理由の無い記録は疑わしい記録として扱う．,Ryosuke Kuwahara,2022-XII-28,1982
7_疑わしい文献記録,ヤマシナフジヤスデ,Anaulaciulus yamashinai,28.2678467,129.3621196,-,-,-,鹿児島県,奄美大島,species,no,Anaulaciulus,Julidae,Julida,-,no,-,-,L00694,119,yes,ヤマシナフジヤスデ,Fusiulus yamashinai,奄美大島,大嶺哲雄氏による同定である．大嶺氏の同定や報告には一貫性がなく，確かな記録として扱うことができない．十分な同定理由の無い記録は疑わしい記録として扱う．,Ryosuke Kuwahara,2022-XII-28,1982
7_疑わしい文献記録,ヤマシナフジヤスデ,Anaulaciulus yamashinai,28.2678467,129.3621196,-,-,-,鹿児島県,奄美大島,species,no,Anaulaciulus,Julidae,Julida,-,no,-,-,L00555,65,yes,ヤマシナフジヤスデ,Anaulacilus[sic] yamashinai,奄美,大嶺哲雄氏による同定である．大嶺氏の同定や報告には一貫性がなく，確かな記録として扱うことができない．十分な同定理由の無い記録は疑わしい記録として扱う．,Ryosuke Kuwahara,2023-I-01,1995
7_疑わしい文献記録,ホルストアマビコヤスデ,Riukiaria holstii,27.3662187,128.6005328,-,-,-,鹿児島県,沖永良部島,species,no,Riukiaria,Xystodesmidae,Polydesmida,-,no,-,-,L00555,67,yes,オキナワアオヤスデ,Riukiria[sic] pugionifera,沖永良部,大嶺哲雄氏による同定である．大嶺氏の同定や報告には一貫性がなく，確かな記録として扱うことができない．十分な同定理由の無い記録は疑わしい記録として扱う．,Ryosuke Kuwahara,2023-I-01,1995
7_疑わしい文献記録,フジヤスデ属の一種,Anaulaciulus sp.,28.3392636,129.448065,1997,-,1997,鹿児島県,奄美大島,genus,no,Anaulaciulus,Julidae,Julida,-,no,-,-,L00431,122,yes,フジヤスデの一種,Anaulaciulus sp.,金作原,大嶺哲雄氏による同定である．大嶺氏の同定や報告には一貫性がなく，確かな記録として扱うことができない．十分な同定理由の無い記録は疑わしい記録として扱う．,Ryosuke Kuwahara,2023-I-03,2000
7_疑わしい文献記録,オウギヤスデ,Cryptocorypha japonica,28.2678467,129.3621196,-,-,-,鹿児島県,奄美大島,species,no,Cryptocorypha,Pyrgodesmidae,Polydesmida,-,no,-,-,L00431,122,yes,？オオギヤスデ,Cryptocorypha japonica,奄美大島,大嶺哲雄氏による同定である．大嶺氏の同定や報告には一貫性がなく，確かな記録として扱うことができない．十分な同定理由の無い記録は疑わしい記録として扱う．,Ryosuke Kuwahara,2023-I-03,2000
7_疑わしい文献記録,マクラギヤスデ,Niponia nodulosa,28.2678467,129.3621196,-,-,-,鹿児島県,奄美大島,species,no,Niponia,Cryptodesmidae,Polydesmida,-,no,-,-,L00431,122,yes,マクラギヤスデ,Niponia nodulosa,奄美大島,大嶺哲雄氏による同定である．大嶺氏の同定や報告には一貫性がなく，確かな記録として扱うことができない．十分な同定理由の無い記録は疑わしい記録として扱う．,Ryosuke Kuwahara,2023-I-03,2000
7_疑わしい文献記録,シロハダヤスデ,Kiusiunum nodulosum,28.2678467,129.3621196,-,-,-,鹿児島県,奄美大島,species,no,Kiusiunum,Cryptodesmidae,Polydesmida,-,no,-,-,L00431,122,yes,シロハダヤスデ,Kiusiunum nodulosum,奄美大島,大嶺哲雄氏による同定である．大嶺氏の同定や報告には一貫性がなく，確かな記録として扱うことができない．十分な同定理由の無い記録は疑わしい記録として扱う．,Ryosuke Kuwahara,2023-I-03,2000
7_疑わしい文献記録,ヤケヤスデ,Oxidus gracilis,28.3392636,129.448065,1997,-,1997,鹿児島県,奄美大島,species,no,Oxidus,Paradoxosomatidae,Polydesmida,-,no,-,-,L00431,123,yes,ヤケヤスデ,Oxidus gracilis,金作原,大嶺哲雄氏による同定である．大嶺氏の同定や報告には一貫性がなく，確かな記録として扱うことができない．十分な同定理由の無い記録は疑わしい記録として扱う．,Ryosuke Kuwahara,2023-I-03,2000
7_疑わしい文献記録,ヤマトアカヤスデ,Nedyopus patrioticus patrioticus,28.3392636,129.448065,1997,-,1997,鹿児島県,奄美大島,subspecies,no,Nedyopus,Paradoxosomatidae,Polydesmida,-,no,-,-,L00431,123,yes,ヤマトアカヤスデ,Nedyopus patrioticus patrioticus,金作原,大嶺哲雄氏による同定である．大嶺氏の同定や報告には一貫性がなく，確かな記録として扱うことができない．十分な同定理由の無い記録は疑わしい記録として扱う．,Ryosuke Kuwahara,2023-I-03,2000
7_疑わしい文献記録,ホルストネジアシヤスデ,Helicorthomorpha holstii,28.3392636,129.448065,1997,-,1997,鹿児島県,奄美大島,species,no,Helicorthomorpha,Paradoxosomatidae,Polydesmida,-,no,-,-,L00431,123,yes,ネジアシヤスデ,Helicorthomorpha trilobata,金作原,大嶺哲雄氏による同定である．大嶺氏の同定や報告には一貫性がなく，確かな記録として扱うことができない．十分な同定理由の無い記録は疑わしい記録として扱う．,Ryosuke Kuwahara,2023-I-03,2000
7_疑わしい文献記録,ヤンバルトサカヤスデ,Chamberlinius hualienensis,28.2678467,129.3621196,-,-,-,鹿児島県,奄美大島,species,no,Chamberlinius,Paradoxosomatidae,Polydesmida,-,no,-,-,L00431,123,yes,ヤンバルトサカヤスデ,Chamberlinius hualinenesis[sic],奄美大島各地,大嶺哲雄氏による同定である．大嶺氏の同定や報告には一貫性がなく，確かな記録として扱うことができない．十分な同定理由の無い記録は疑わしい記録として扱う．,Ryosuke Kuwahara,2023-I-03,2000
7_疑わしい文献記録,ヤンバルトサカヤスデ,Chamberlinius hualienensis,27.7709581,128.9503916,-,-,-,鹿児島県,徳之島,species,no,Chamberlinius,Paradoxosomatidae,Polydesmida,-,no,-,-,L00431,123,yes,ヤンバルトサカヤスデ,Chamberlinius hualinenesis[sic],徳之島,大嶺哲雄氏による同定である．大嶺氏の同定や報告には一貫性がなく，確かな記録として扱うことができない．十分な同定理由の無い記録は疑わしい記録として扱う．,Ryosuke Kuwahara,2023-I-03,2000
7_疑わしい文献記録,アマミアマビコヤスデ,Riukiaria scutata,28.3392636,129.448065,1997,-,1997,鹿児島県,奄美大島,species,no,Riukiaria,Xystodesmidae,Polydesmida,-,no,-,-,L00431,123,yes,アマミアマビコヤスデ,Riukiaria scutata,金作原,大嶺哲雄氏による同定である．大嶺氏の同定や報告には一貫性がなく，確かな記録として扱うことができない．十分な同定理由の無い記録は疑わしい記録として扱う．,Ryosuke Kuwahara,2023-I-03,2000
7_疑わしい文献記録,ホルストアマビコヤスデ,Riukiaria holstii,28.3392636,129.448065,1997,-,1997,鹿児島県,奄美大島,species,no,Riukiaria,Xystodesmidae,Polydesmida,-,no,-,-,L00431,123,yes,オキナワアマビコヤスデ,Riukiaria pugionifera,金作原,大嶺哲雄氏による同定である．大嶺氏の同定や報告には一貫性がなく，確かな記録として扱うことができない．十分な同定理由の無い記録は疑わしい記録として扱う．,Ryosuke Kuwahara,2023-I-03,2000
7_疑わしい文献記録,フタマタアマビコヤスデ,Riukiaria bifida,28.3392636,129.448065,1997,-,1997,鹿児島県,奄美大島,species,no,Riukiaria,Xystodesmidae,Polydesmida,-,no,-,-,L00431,123,yes,フタマタアマビコヤスデ,Riukiaria bifida,金作原,大嶺哲雄氏による同定である．大嶺氏の同定や報告には一貫性がなく，確かな記録として扱うことができない．十分な同定理由の無い記録は疑わしい記録として扱う．,Ryosuke Kuwahara,2023-I-03,2000
7_疑わしい文献記録,オビヤスデ属の一種,Epanerchodus sp.,28.3392636,129.448065,1997,-,1997,鹿児島県,奄美大島,genus,no,Epanerchodus,Polydesmidae,Polydesmida,-,no,-,-,L00431,123,yes,オビヤスデの一種,Epanerchodus sp. -1,金作原,大嶺哲雄氏による同定である．大嶺氏の同定や報告には一貫性がなく，確かな記録として扱うことができない．十分な同定理由の無い記録は疑わしい記録として扱う．,Ryosuke Kuwahara,2023-I-03,2000
7_疑わしい文献記録,オビヤスデ属の一種,Epanerchodus sp.,28.3392636,129.448065,1997,-,1997,鹿児島県,奄美大島,genus,no,Epanerchodus,Polydesmidae,Polydesmida,-,no,-,-,L00431,123,yes,オビヤスデの一種,Epanerchodus sp. -2,金作原,大嶺哲雄氏による同定である．大嶺氏の同定や報告には一貫性がなく，確かな記録として扱うことができない．十分な同定理由の無い記録は疑わしい記録として扱う．,Ryosuke Kuwahara,2023-I-03,2000
7_疑わしい文献記録,オビヤスデ属の一種,Epanerchodus sp.,28.2678467,129.3621196,-,-,-,鹿児島県,奄美大島,genus,no,Epanerchodus,Polydesmidae,Polydesmida,-,no,-,-,L00431,123,yes,オビヤスデの一種,Epanerchodus sp. -3,奄美大島各地,大嶺哲雄氏による同定である．大嶺氏の同定や報告には一貫性がなく，確かな記録として扱うことができない．十分な同定理由の無い記録は疑わしい記録として扱う．,Ryosuke Kuwahara,2023-I-03,2000
7_疑わしい文献記録,オビヤスデ属の一種,Epanerchodus sp.,27.7709581,128.9503916,-,-,-,鹿児島県,徳之島,genus,no,Epanerchodus,Polydesmidae,Polydesmida,-,no,-,-,L00431,123,yes,オビヤスデの一種,Epanerchodus sp. -3,徳之島,大嶺哲雄氏による同定である．大嶺氏の同定や報告には一貫性がなく，確かな記録として扱うことができない．十分な同定理由の無い記録は疑わしい記録として扱う．,Ryosuke Kuwahara,2023-I-03,2000
7_疑わしい文献記録,ミコシヤスデ属の一種,Diplomaragna sp.,27.41603965,128.6551075,1973,2,1973-II-15,鹿児島県,沖永良部島,genus,no,Diplomaragna,Diplomaragnidae,Chordeumatida,-,no,益田 和昌,Kazumasa Masuda,L00466,100,yes,ミコシヤスデの一種,Syntelopodeuma sp.,出花の洞窟,,Ryosuke Kuwahara,2024-IX-26,1983
7_疑わしい文献記録,ウスアカフサヤスデ,Eudigraphis takakuwai,28.33228603,129.3770335,1968,12,1968-XII-26,鹿児島県,奄美大島,species,no,Eudigraphis,Polyxenidae,Polyxenida,-,no,湊 宏,Hiroshi Minato,L00356,33,yes,ニホンフサヤスデ,Monographis takakuwai,鹿児島県奄美大島大和村大和浜,,Ryosuke Kuwahara,2022-X-20,1969
7_疑わしい文献記録,アカヤスデ属の一種,Nedyopus sp.,27.365868,128.630706,2004,4,2004-IV-29,鹿児島県,沖永良部島,genus,no,Nedyopus,Paradoxosomatidae,Polydesmida,-,yes,-,-,L00261,48,yes,アカヤスデ属の一種,Nedyopus sp.,帆船洞,側庇は後環節の前縁から後縁にかけて強く発達し，側縁は体軸とほぼ平行であることから，ヤケヤスデの誤同定であろう．,Ryosuke Kuwahara,2022-XII-19,2005
7_疑わしい文献記録,ギボウシヤスデ属の一種,Siphonophora sp.,27.70302085,128.9415375,-,-,-,鹿児島県,徳之島,genus,yes,Siphonophora,Siphonophoridae,Siphonophorida,-,no,-,-,L00241,7,yes,-,Siphonophora sp.,"Isen-cho, Tokunoshima, Kagoshima, Japan",,Ryosuke Kuwahara,2022-XII-21,2014
7_疑わしい文献記録,ヒモヤスデ科の一種,Cambalopsidae gen. sp.,27.39480116,128.6387027,1973,2,1973-II-14,鹿児島県,沖永良部島,family,no,-,Cambalopsidae,Spirostreptida,-,no,益田 和昌,Kazumasa Masuda,L00466,100,yes,ヒゲヤスデの一種,Cambaloideae gen. sp.,和第3洞,,Ryosuke Kuwahara,2024-IX-26,1983
7_疑わしい文献記録,ヒモヤスデ科の一種,Cambalopsidae gen. sp.,27.41603965,128.6551075,1973,2,1973-II-15,鹿児島県,沖永良部島,family,no,-,Cambalopsidae,Spirostreptida,-,no,益田 和昌,Kazumasa Masuda,L00466,100,yes,ヒゲヤスデの一種,Cambaloideae gen. sp.,出花の洞窟,,Ryosuke Kuwahara,2024-IX-26,1983
7_疑わしい文献記録,ヒモヤスデ科の一種,Cambalopsidae gen. sp.,27.42787521,128.6888151,1973,2,1973-II-18,鹿児島県,沖永良部島,family,no,-,Cambalopsidae,Spirostreptida,-,no,益田 和昌,Kazumasa Masuda,L00466,100,yes,ヒゲヤスデの一種,Cambaloideae gen. sp.,国頭「クラゴー」,,Ryosuke Kuwahara,2024-IX-26,1983
6_文献記録,ホルストネジアシヤスデ,Helicorthomorpha holstii,28.2678467,129.3621196,-,-,-,鹿児島県,奄美大島,species,no,Helicorthomorpha,Paradoxosomatidae,Polydesmida,-,no,-,-,L00155,30,no,ネジアシヤスデ,Helicorthomorpha holstii trlobata[sic],奄美大島,,Ryosuke Kuwahara,2023-VII-19,1954
6_文献記録,アマミアマビコヤスデ,Riukiaria scutata,28.34316256,129.4099603,-,-,-,鹿児島県,奄美大島,species,no,Riukiaria,Xystodesmidae,Polydesmida,-,no,-,-,L00155,63,no,アマミアマビコヤスデ,Rhysodesmus scutata,奄美大島,,Ryosuke Kuwahara,2023-VII-20,1954
6_文献記録,フタマタアマビコヤスデ,Riukiaria bifida,28.31335546,129.4586816,-,-,-,鹿児島県,奄美大島,species,no,Riukiaria,Xystodesmidae,Polydesmida,-,no,-,-,L00155,65,no,フタマタアマビコヤスデ,Rhysodesmus bifidus,奄美大島,,Ryosuke Kuwahara,2023-VII-20,1954
6_文献記録,ホルストネジアシヤスデ,Helicorthomorpha holstii,28.2678467,129.3621196,-,-,-,鹿児島県,奄美大島,species,no,Helicorthomorpha,Paradoxosomatidae,Polydesmida,-,no,-,-,L00079,68,no,ネジアシヤスデ,Helicorthomorpha holstii trilobata,奄美大島,,Ryosuke Kuwahara,2023-XI-14,1959
6_文献記録,フタマタアマビコヤスデ,Riukiaria bifida,28.31335546,129.4586816,-,-,-,鹿児島県,奄美大島,species,no,Riukiaria,Xystodesmidae,Polydesmida,-,no,-,-,L00079,78,no,フタマタアマビコヤスデ,Rhysolus bifidus,奄美大島城,,Ryosuke Kuwahara,2023-XI-24,1959
6_文献記録,アマミアマビコヤスデ,Riukiaria scutata,28.455972,129.594553,-,-,-,鹿児島県,奄美大島,species,no,Riukiaria,Xystodesmidae,Polydesmida,-,no,-,-,L00079,80,no,アマミアマビコヤスデ,Rhysolus scutatus,奄美大島,,Ryosuke Kuwahara,2023-XI-24,1959
6_文献記録,ヤンバルトサカヤスデ,Chamberlinius hualienensis,27.83589642,128.9327142,1991,-,1991,鹿児島県,徳之島,species,no,Chamberlinius,Paradoxosomatidae,Polydesmida,-,no,-,-,L00196,118,no,ヤンバルトサカヤスデ,Chamberlinius haulienensis[sic],徳之島,,Ryosuke Kuwahara,2023-I-03,2000
6_文献記録,ヤンバルトサカヤスデ,Chamberlinius hualienensis,27.83589642,128.9327142,1991,-,1991,鹿児島県,徳之島,species,no,Chamberlinius,Paradoxosomatidae,Polydesmida,-,no,-,-,L01124,55,no,ヤンバルトサカヤスデ,Chamberlinius haulienesis[sic],徳之島町,,Ryosuke Kuwahara,2023-XI-10,2000
6_文献記録,ヤンバルトサカヤスデ,Chamberlinius hualienensis,28.35507915,129.4998096,1992,-,1992,鹿児島県,奄美大島,species,no,Chamberlinius,Paradoxosomatidae,Polydesmida,-,no,-,-,L01124,55,no,ヤンバルトサカヤスデ,Chamberlinius haulienesis[sic],名瀬市,,Ryosuke Kuwahara,2023-XI-10,2000
6_文献記録,ヤンバルトサカヤスデ,Chamberlinius hualienensis,27.83589642,128.9327142,1991,-,1991,鹿児島県,徳之島,species,no,Chamberlinius,Paradoxosomatidae,Polydesmida,-,no,-,-,L01091,74,no,ヤンバルトサカヤスデ,Chamberlinius hualienensis,徳之島町,,Ryosuke Kuwahara,2024-IX-26,1999
6_文献記録,タカクワヤスデ属の一種,Xystodesmus sp.,27.760667,128.981583,2012,2,2012-II-04,鹿児島県,徳之島,genus,no,Xystodesmus,Xystodesmidae,Polydesmida,1F,yes,中村 泰之,Yasuyuki Nakamura,L01895,222,no,-,Unidentified Xystodesmus female 2,"Japan, Central Ryukyus, Amami Group, Tokuno-shima Island, Kametsu, near the pass between Mt. Inokawa-dake and Mt. Hage-dake, 27°45'38.4""N, 128°58'53.7""E, <i>Castanopsis sieboldii</i> forest",,Ryosuke Kuwahara,2025-III-17,2025
6_文献記録,ヤケヤスデ,Oxidus gracilis,28.35861032,129.4957134,-,-,-,鹿児島県,奄美大島,species,no,Oxidus,Paradoxosomatidae,Polydesmida,-,no,-,-,L00079,69,yes,ヤケヤスデ,Oxidus gracilis,奄美大島名瀬,,Ryosuke Kuwahara,2023-XI-19,1959
6_文献記録,ニホンフサヤスデ属の一種,Eudigraphis sp.,28.33228603,129.3770335,1968,12,1968-XII-26,鹿児島県,奄美大島,genus,no,Eudigraphis,Polyxenidae,Polyxenida,-,no,湊 宏,Hiroshi Minato,L00356,33,yes,ニホンフサヤスデ,Monographis takakuwai,鹿児島県奄美大島大和村大和浜,,Ryosuke Kuwahara,2022-X-20,1969
6_文献記録,マクラギヤスデ,Niponia nodulosa,27.8702028,128.9279584,1968,12,1968-XII-21,鹿児島県,徳之島,species,no,Niponia,Cryptodesmidae,Polydesmida,-,no,湊 宏,Hiroshi Minato,L00356,34,yes,マクラギヤスデ,Niponia nodulosa,奄美群島徳之島天城岳,,Ryosuke Kuwahara,2022-X-20,1969
6_文献記録,ヤマシナヒラタヤスデ,Yamasinaium noduligerum,27.7709581,128.9503916,1968,12,1968-XII-21,鹿児島県,徳之島,species,no,Yamasinaium,Andrognathidae,Platydesmida,-,no,湊 宏,Hiroshi Minato,L00356,35,yes,ヤマシナヒラタヤスデ,Yamashinaium[sic] noduligerum,奄美群島徳之島,,Ryosuke Kuwahara,2022-X-20,1969
6_文献記録,ヤケヤスデ,Oxidus gracilis,27.357078,128.560754,1972,4,1972-IV-04,鹿児島県,沖永良部島,species,no,Oxidus,Paradoxosomatidae,Polydesmida,2M,yes,下謝名 松栄,Matsuei Shimojana,L00097,105,yes,Yakeyasude,Oxidus gracilis,"Erabu-dô Cave, China-chô",,Ryosuke Kuwahara,2022-XII-17,1975
6_文献記録,リュウキュウヒメオビヤスデ,Corypholophus ryukyuensis,27.75521595,129.0264932,1972,7,1972-VII-31,鹿児島県,徳之島,species,no,Corypholophus,Opisotretidae,Polydesmida,1F,yes,下謝名 松栄,Matsuei Shimojana,L00097,110,yes,-,-,"Maeyama Cave, Tokuwasé, Tokunoshima-chô",Murakami (1975)[L00097: p. 110]は雌や損傷が大きい標本のために同定を属に留めたが，Corypholophus ryukyuensisであることを示唆した．奄美大島からC. ryukyuensisが得られていることから（桒原採集），ヒメオビヤスデ科Opisotretidaeの別の種が得られない限りは与那国島から奄美大島の間に位置するこれらの記録もC. ryukyuensisであると考える．,Ryosuke Kuwahara,2022-XII-17,1975
6_文献記録,リュウキュウヒメオビヤスデ,Corypholophus ryukyuensis,27.357078,128.560754,1972,4,1972-IV-04,鹿児島県,沖永良部島,species,no,Corypholophus,Opisotretidae,Polydesmida,1F,yes,下謝名 松栄,Matsuei Shimojana,L00097,110,yes,-,-,"Erabu-dô Cave, China-chô",Murakami (1975)[L00097: p. 110]は雌や損傷が大きい標本のために同定を属に留めたが，Corypholophus ryukyuensisであることを示唆した．奄美大島からC. ryukyuensisが得られていることから（桒原採集），ヒメオビヤスデ科Opisotretidaeの別の種が得られない限りは与那国島から奄美大島の間に位置するこれらの記録もC. ryukyuensisであると考える．,Ryosuke Kuwahara,2022-XII-17,1975
6_文献記録,リュウキュウヒメオビヤスデ,Corypholophus ryukyuensis,27.0284903,128.4321174,1972,8,1972-VIII-06,鹿児島県,与論島,species,no,Corypholophus,Opisotretidae,Polydesmida,2F,yes,下謝名 松栄,Matsuei Shimojana,L00097,110,yes,-,-,"Ya-gô Cave, Gusuku",Murakami (1975)[L00097: p. 110]は雌や損傷が大きい標本のために同定を属に留めたが，Corypholophus ryukyuensisであることを示唆した．奄美大島からC. ryukyuensisが得られていることから（桒原採集），ヒメオビヤスデ科Opisotretidaeの別の種が得られない限りは与那国島から奄美大島の間に位置するこれらの記録もC. ryukyuensisであると考える．,Ryosuke Kuwahara,2022-XII-17,1975
6_文献記録,タマヤスデ属の一種,Hyleoglomeris sp.,28.2961795,129.3214235,1980,3,1980-III-25,鹿児島県,奄美大島,genus,no,Hyleoglomeris,Glomeridae,Glomerida,1ex.,no,寺山 守,Mamoru Terayama,L01208,10,yes,-,Hyleoglomeris sp.,"Uken-V. (Mt. Yuwan-dake), Amami-Oshima",,Ryosuke Kuwahara,2022-XII-27,1981
6_文献記録,フジヤスデ属の一種,Anaulaciulus sp.,27.75075427,129.0095212,1980,3,1980-III-20,鹿児島県,徳之島,genus,no,Anaulaciulus,Julidae,Julida,1ex.,no,寺山 守,Mamoru Terayama,L01208,10,yes,-,Anaulaciulus sp.,"Kametoku, Tokuno Is.",,Ryosuke Kuwahara,2022-XII-27,1981
6_文献記録,アカヤスデ属の一種,Nedyopus sp.,28.2961795,129.3214235,1980,3,1980-III-25,鹿児島県,奄美大島,genus,no,Nedyopus,Paradoxosomatidae,Polydesmida,1ex.,no,寺山 守,Mamoru Terayama,L01208,11,yes,-,Nedyopus sp.,"Uken-V., Amami-Oshima",,Ryosuke Kuwahara,2022-XII-27,1981
6_文献記録,アカヤスデ属の一種,Nedyopus sp.,28.354003,129.494064,1980,3,1980-III-29,鹿児島県,奄美大島,genus,no,Nedyopus,Paradoxosomatidae,Polydesmida,1ex.,no,寺山 守,Mamoru Terayama,L01208,11,yes,-,Nedyopus sp.,"Nase-C., Amami-Oshima",,Ryosuke Kuwahara,2022-XII-27,1981
6_文献記録,ヤケヤスデ,Oxidus gracilis,27.0615116,128.4170066,1980,3,1980-III-15,鹿児島県,与論島,species,no,Oxidus,Paradoxosomatidae,Polydesmida,6exs.,no,寺山 守,Mamoru Terayama,L01208,11,yes,-,Oxidus gracilis,"Shinaha, Yoron Is.",,Ryosuke Kuwahara,2022-XII-27,1981
6_文献記録,ヤケヤスデ,Oxidus gracilis,27.3662187,128.6005328,1980,3,1980-III-18,鹿児島県,沖永良部島,species,no,Oxidus,Paradoxosomatidae,Polydesmida,1ex.,no,寺山 守,Mamoru Terayama,L01208,11,yes,-,Oxidus gracilis,"Tomari, Okino-erabu Is.",,Ryosuke Kuwahara,2022-XII-27,1981
6_文献記録,ヤケヤスデ,Oxidus gracilis,27.75075427,129.0095212,1980,3,1980-III-19,鹿児島県,徳之島,species,no,Oxidus,Paradoxosomatidae,Polydesmida,2exs.,no,寺山 守,Mamoru Terayama,L01208,11,yes,-,Oxidus gracilis,"Kametoku, Tokuno Is.",,Ryosuke Kuwahara,2022-XII-27,1981
6_文献記録,シロハダヤスデ属の一種,Kiusiunum sp.,27.75075427,129.0095212,1980,3,1980-III-20,鹿児島県,徳之島,genus,yes,Kiusiunum,Cryptodesmidae,Polydesmida,2exs.,no,寺山 守,Mamoru Terayama,L01208,11,yes,-,Kiusiunum sp.,"Kametoku, Tokuno Is.",,Ryosuke Kuwahara,2022-XII-27,1981
6_文献記録,ホルストネジアシヤスデ,Helicorthomorpha holstii,27.0615116,128.4170066,1980,3,1980-III-15,鹿児島県,与論島,species,no,Helicorthomorpha,Paradoxosomatidae,Polydesmida,2exs.,no,寺山 守,Mamoru Terayama,L01208,11,yes,-,Helicorthomorpha holstii,"Shinaha, Yoron Is.",,Ryosuke Kuwahara,2022-XII-27,1981
6_文献記録,ホルストネジアシヤスデ,Helicorthomorpha holstii,27.3662187,128.6005328,1980,3,1980-III-18,鹿児島県,沖永良部島,species,no,Helicorthomorpha,Paradoxosomatidae,Polydesmida,2exs.,no,寺山 守,Mamoru Terayama,L01208,11,yes,-,Helicorthomorpha holstii,"Tomari, Okino-erabu Is.",,Ryosuke Kuwahara,2022-XII-27,1981
6_文献記録,ホルストネジアシヤスデ,Helicorthomorpha holstii,28.31337408,129.4559539,1980,3,1980-III-23,鹿児島県,奄美大島,species,no,Helicorthomorpha,Paradoxosomatidae,Polydesmida,2exs.,no,寺山 守,Mamoru Terayama,L01208,11,yes,-,Helicorthomorpha holstii,"Gusuku, Sumiyo-V., Amami-Oshima",,Ryosuke Kuwahara,2022-XII-27,1981
6_文献記録,ヤンバルトサカヤスデ,Chamberlinius hualienensis,27.83589642,128.9327142,1990,6,1990-VI,鹿児島県,徳之島,species,no,Chamberlinius,Paradoxosomatidae,Polydesmida,-,yes,-,-,L01363,55,yes,ヤンバルトサカヤスデ,Chamberlinius hualienensis,徳之島町轟木地域,,Ryosuke Kuwahara,2023-I-01,1992
6_文献記録,ヤンバルトサカヤスデ,Chamberlinius hualienensis,27.83589642,128.9327142,1990,8,1990-VIII,鹿児島県,徳之島,species,no,Chamberlinius,Paradoxosomatidae,Polydesmida,-,yes,-,-,L01363,55,yes,ヤンバルトサカヤスデ,Chamberlinius hualienensis,徳之島町轟木地域,,Ryosuke Kuwahara,2023-I-01,1992
6_文献記録,ジヤスデ科の一種,Siphonotidae gen. sp.,28.304275,129.323364,1968,12,1968-XII-17,鹿児島県,奄美大島,family,no,-,Siphonotidae,Polyzoniida,1juv?,no,-,-,L00847,81,yes,アマミチビジヤスデ,Siphonotidae gen. et sp.,奄美大島湯湾岳（500m 地点のシイ原生林）,新属の可能性が示唆されているが，小型の個体であることから，未熟な個体の可能性が高い．,Ryosuke Kuwahara,2022-XII-16,1992
6_文献記録,シロハダヤスデ属の一種,Kiusiunum sp. [Kagoshima_Amami],28.2370559,129.3735409,1968,12,1968-XII-21,鹿児島県,奄美大島,species,yes,Kiusiunum,Cryptodesmidae,Polydesmida,-,no,湊 宏,Hiroshi Minato,L00309,35–36,yes,仮称：アマミシロハダヤスデ,Kiusiunum sp.,鹿児島県奄美群島奄美大島住用村新村,,Ryosuke Kuwahara,2022-X-18,1996
6_文献記録,シロハダヤスデ属の一種,Kiusiunum sp. [Kagoshima_Amami],27.8702028,128.9279584,1968,12,1968-XII-21,鹿児島県,徳之島,species,yes,Kiusiunum,Cryptodesmidae,Polydesmida,-,no,湊 宏,Hiroshi Minato,L00309,36,yes,仮称：アマミシロハダヤスデ,Kiusiunum sp.,奄美群島徳之島天城岳,,Ryosuke Kuwahara,2022-X-18,1996
6_文献記録,シロハダヤスデ属の一種,Kiusiunum sp. [Kagoshima_Amami],27.778502,128.9831831,1968,12,1968-XII-21,鹿児島県,徳之島,species,yes,Kiusiunum,Cryptodesmidae,Polydesmida,-,no,湊 宏,Hiroshi Minato,L00309,36,yes,仮称：アマミシロハダヤスデ,Kiusiunum sp.,奄美群島徳之島井之川岳,,Ryosuke Kuwahara,2022-X-18,1996
6_文献記録,ヤンバルトサカヤスデ,Chamberlinius hualienensis,28.35507915,129.4998096,1992,-,1992,鹿児島県,奄美大島,species,no,Chamberlinius,Paradoxosomatidae,Polydesmida,-,no,-,-,L00196,118,yes,ヤンバルトサカヤスデ,Chamberlinius haulienensis[sic],名瀬市,,Ryosuke Kuwahara,2023-I-03,2000
6_文献記録,ヤンバルトサカヤスデ,Chamberlinius hualienensis,28.35507915,129.4998096,1997,-,1997,鹿児島県,奄美大島,species,no,Chamberlinius,Paradoxosomatidae,Polydesmida,-,no,-,-,L00196,118,yes,ヤンバルトサカヤスデ,Chamberlinius haulienensis[sic],名瀬市平田町の標高100m程度の道路沿いの天然林下,,Ryosuke Kuwahara,2023-I-03,2000
6_文献記録,ヤンバルトサカヤスデ,Chamberlinius hualienensis,28.35507915,129.4998096,1998,3,1998-III-03,鹿児島県,奄美大島,species,no,Chamberlinius,Paradoxosomatidae,Polydesmida,43juv.,no,-,-,L00196,119,yes,ヤンバルトサカヤスデ,Chamberlinius haulienensis[sic],名瀬市平田町の標高100m程度の道路沿いの天然林下,,Ryosuke Kuwahara,2023-I-03,2000
6_文献記録,ヤンバルトサカヤスデ,Chamberlinius hualienensis,28.35507915,129.4998096,1998,4,1998-IV-07,鹿児島県,奄美大島,species,no,Chamberlinius,Paradoxosomatidae,Polydesmida,28juv.,no,-,-,L00196,119,yes,ヤンバルトサカヤスデ,Chamberlinius haulienensis[sic],名瀬市平田町の標高100m程度の道路沿いの天然林下,,Ryosuke Kuwahara,2023-I-03,2000
6_文献記録,ヤンバルトサカヤスデ,Chamberlinius hualienensis,28.35507915,129.4998096,1998,5,1998-V-06,鹿児島県,奄美大島,species,no,Chamberlinius,Paradoxosomatidae,Polydesmida,50juv.,no,-,-,L00196,119,yes,ヤンバルトサカヤスデ,Chamberlinius haulienensis[sic],名瀬市平田町の標高100m程度の道路沿いの天然林下,,Ryosuke Kuwahara,2023-I-03,2000
6_文献記録,ヤンバルトサカヤスデ,Chamberlinius hualienensis,28.35507915,129.4998096,1998,6,1998-VI-08,鹿児島県,奄美大島,species,no,Chamberlinius,Paradoxosomatidae,Polydesmida,80juv.,no,-,-,L00196,119,yes,ヤンバルトサカヤスデ,Chamberlinius haulienensis[sic],名瀬市平田町の標高100m程度の道路沿いの天然林下,,Ryosuke Kuwahara,2023-I-03,2000
6_文献記録,ヤンバルトサカヤスデ,Chamberlinius hualienensis,28.35507915,129.4998096,1998,7,1998-VII-07,鹿児島県,奄美大島,species,no,Chamberlinius,Paradoxosomatidae,Polydesmida,50juv.,no,-,-,L00196,119,yes,ヤンバルトサカヤスデ,Chamberlinius haulienensis[sic],名瀬市平田町の標高100m程度の道路沿いの天然林下,,Ryosuke Kuwahara,2023-I-03,2000
6_文献記録,ヤンバルトサカヤスデ,Chamberlinius hualienensis,28.35507915,129.4998096,1998,8,1998-VIII-17,鹿児島県,奄美大島,species,no,Chamberlinius,Paradoxosomatidae,Polydesmida,11adults28juv.,yes,-,-,L00196,119,yes,ヤンバルトサカヤスデ,Chamberlinius haulienensis[sic],名瀬市平田町の標高100m程度の道路沿いの天然林下,,Ryosuke Kuwahara,2023-I-03,2000
6_文献記録,ヤンバルトサカヤスデ,Chamberlinius hualienensis,28.35507915,129.4998096,1998,9,1998-IX-10,鹿児島県,奄美大島,species,no,Chamberlinius,Paradoxosomatidae,Polydesmida,29adults9juv.,yes,-,-,L00196,119,yes,ヤンバルトサカヤスデ,Chamberlinius haulienensis[sic],名瀬市平田町の標高100m程度の道路沿いの天然林下,,Ryosuke Kuwahara,2023-I-03,2000
6_文献記録,ヤンバルトサカヤスデ,Chamberlinius hualienensis,28.35507915,129.4998096,1998,10,1998-X-07,鹿児島県,奄美大島,species,no,Chamberlinius,Paradoxosomatidae,Polydesmida,39adults,yes,-,-,L00196,119,yes,ヤンバルトサカヤスデ,Chamberlinius haulienensis[sic],名瀬市平田町の標高100m程度の道路沿いの天然林下,,Ryosuke Kuwahara,2023-I-03,2000
6_文献記録,ヤンバルトサカヤスデ,Chamberlinius hualienensis,28.35507915,129.4998096,1998,11,1998-XI-06,鹿児島県,奄美大島,species,no,Chamberlinius,Paradoxosomatidae,Polydesmida,26adults,yes,-,-,L00196,119,yes,ヤンバルトサカヤスデ,Chamberlinius haulienensis[sic],名瀬市平田町の標高100m程度の道路沿いの天然林下,,Ryosuke Kuwahara,2023-I-03,2000
6_文献記録,ヤンバルトサカヤスデ,Chamberlinius hualienensis,28.35507915,129.4998096,1998,12,1998-XII-14,鹿児島県,奄美大島,species,no,Chamberlinius,Paradoxosomatidae,Polydesmida,15adults70juv.,yes,-,-,L00196,119,yes,ヤンバルトサカヤスデ,Chamberlinius haulienensis[sic],名瀬市平田町の標高100m程度の道路沿いの天然林下,,Ryosuke Kuwahara,2023-I-03,2000
6_文献記録,ヤンバルトサカヤスデ,Chamberlinius hualienensis,28.35507915,129.4998096,1999,1,1999-I-08,鹿児島県,奄美大島,species,no,Chamberlinius,Paradoxosomatidae,Polydesmida,6adults110juv.,yes,-,-,L00196,119,yes,ヤンバルトサカヤスデ,Chamberlinius haulienensis[sic],名瀬市平田町の標高100m程度の道路沿いの天然林下,,Ryosuke Kuwahara,2023-I-03,2000
6_文献記録,ヤンバルトサカヤスデ,Chamberlinius hualienensis,28.35507915,129.4998096,1999,2,1999-II-10,鹿児島県,奄美大島,species,no,Chamberlinius,Paradoxosomatidae,Polydesmida,150juv.,no,-,-,L00196,119,yes,ヤンバルトサカヤスデ,Chamberlinius haulienensis[sic],名瀬市平田町の標高100m程度の道路沿いの天然林下,,Ryosuke Kuwahara,2023-I-03,2000
6_文献記録,アマミアマビコヤスデ,Riukiaria scutata,28.2961795,129.3214235,-,-,-,鹿児島県,奄美大島,species,no,Riukiaria,Xystodesmidae,Polydesmida,1M1F,yes,-,-,L00167,2179,yes,-,Riukiaria scutata,"Mt Yuwan-dake, Amamiôshima Is., Okinawa Prefecture, Japan",,Ryosuke Kuwahara,2022-XI-13,2002
6_文献記録,リュウキュウヤハズヤスデ,Glyphiulus septentrionalis,27.365868,128.630706,2004,4,2004-IV-29,鹿児島県,沖永良部島,species,no,Glyphiulus,Cambalopsidae,Spirostreptida,-,yes,-,-,L00261,48,yes,リュウキュウヤハズヤスデ,Glyphiulus septentrionalis,帆船洞,大嶺哲雄氏による同定である．大嶺氏の同定や報告には一貫性がなく，確かな記録として扱うことができない．十分な同定理由の無い記録は疑わしい記録として扱う．,Ryosuke Kuwahara,2022-XII-19,2005
6_文献記録,ヤンバルトサカヤスデ,Chamberlinius hualienensis,27.3828522,128.5425737,2004,4,2004-IV-30,鹿児島県,沖永良部島,species,no,Chamberlinius,Paradoxosomatidae,Polydesmida,-,yes,-,-,L00261,48,yes,ヤンバルトサカヤスデ,Chamberlinius hualienensis,銀水洞,,Ryosuke Kuwahara,2022-XII-19,2005
6_文献記録,ヤンバルトサカヤスデ,Chamberlinius hualienensis,27.3504743,128.5518291,2004,4,2004-IV-30,鹿児島県,沖永良部島,species,no,Chamberlinius,Paradoxosomatidae,Polydesmida,-,no,-,-,L00261,48,yes,ヤンバルトサカヤスデ,Chamberlinius hualienensis,水蓮洞,,Ryosuke Kuwahara,2022-XII-19,2005
6_文献記録,ヤンバルトサカヤスデ,Chamberlinius hualienensis,27.373314,128.576012,2004,5,2004-V-02,鹿児島県,沖永良部島,species,no,Chamberlinius,Paradoxosomatidae,Polydesmida,-,no,-,-,L00261,48,yes,ヤンバルトサカヤスデ,Chamberlinius hualienensis,大山水鏡洞,,Ryosuke Kuwahara,2022-XII-19,2005
6_文献記録,ヤケヤスデ,Oxidus gracilis,27.365868,128.630706,2004,4,2004-IV-29,鹿児島県,沖永良部島,species,no,Oxidus,Paradoxosomatidae,Polydesmida,-,yes,-,-,L00261,48,yes,アカヤスデ属の一種,Nedyopus sp.,帆船洞,側庇は後環節の前縁から後縁にかけて強く発達し，側縁は体軸とほぼ平行であることから，ヤケヤスデの誤同定であろう．,Ryosuke Kuwahara,2022-XII-19,2005
6_文献記録,ヤケヤスデ,Oxidus gracilis,27.3828522,128.5425737,2004,4,2004-IV-30,鹿児島県,沖永良部島,species,no,Oxidus,Paradoxosomatidae,Polydesmida,-,no,-,-,L00261,49,yes,ヤケヤスデ,Oxidus gracilis,銀水洞,,Ryosuke Kuwahara,2022-XII-19,2005
6_文献記録,ギボウシヤスデ科の一種,Siphonophoridae gen. sp.,27.70302085,128.9415375,-,-,-,鹿児島県,徳之島,family,yes,-,Siphonophoridae,Siphonophorida,-,no,-,-,L00241,7,yes,-,Siphonophora sp.,"Isen-cho, Tokunoshima, Kagoshima, Japan",,Ryosuke Kuwahara,2022-XII-21,2014
6_文献記録,ヤマシナタマヤスデ,Hyleoglomeris yamashinai,28.454452,129.594757,2021,7,2021-VII-03,鹿児島県,奄美大島,species,no,Hyleoglomeris,Glomeridae,Glomerida,2M2F,yes,仲間 信道,Nobuyuki Nakama,L01373,49,yes,ヤマシナタマヤスデ,Hyleoglomeris yamashinai,"鹿児島県大島郡龍郷町円 28.454452, 129.594757",,Ryosuke Kuwahara,2023-I-21,2023
6_文献記録,ヤマシナタマヤスデ,Hyleoglomeris yamashinai,27.3514,128.5511,2012,6,2012-VI-21,鹿児島県,沖永良部島,species,no,Hyleoglomeris,Glomeridae,Glomerida,6M4F,yes,Zoltán Korsós，中村 泰之,"‪Zoltán Korsós, Yasuyuki Nakamura",L01373,49,yes,ヤマシナタマヤスデ,Hyleoglomeris yamashinai,"鹿児島県大島郡知名町大津勘 27.3514, 128.5511",,Ryosuke Kuwahara,2023-I-21,2023
6_文献記録,ヤマシナタマヤスデ,Hyleoglomeris yamashinai,27.3559708,128.5493795,2021,12,2021-XII-09,鹿児島県,沖永良部島,species,no,Hyleoglomeris,Glomeridae,Glomerida,4M2F,yes,鈴木 佑弥,Yuya Suzuki,L01373,49,yes,ヤマシナタマヤスデ,Hyleoglomeris yamashinai,"鹿児島県大島郡知名町大津勘 27.3559708, 128.5493795",,Ryosuke Kuwahara,2023-I-21,2023
6_文献記録,ヤケヤスデ科の一種,Paradoxosomatidae gen. sp.,27.36834219,128.6243728,1973,2,1973-II-13,鹿児島県,沖永良部島,family,no,-,Paradoxosomatidae,Polydesmida,-,no,益田 和昌,Kazumasa Masuda,L00466,100,yes,ヤケヤスデの一種,Strongylosomidae gen. sp.,古里第1洞,,Ryosuke Kuwahara,2024-IX-26,1983
6_文献記録,ヤケヤスデ科の一種,Paradoxosomatidae gen. sp.,27.36834219,128.6243728,1973,2,1973-II-13,鹿児島県,沖永良部島,family,no,-,Paradoxosomatidae,Polydesmida,-,no,益田 和昌,Kazumasa Masuda,L00466,100,yes,ヤケヤスデの一種,Strongylosomidae gen. sp.,古里第2洞,,Ryosuke Kuwahara,2024-IX-26,1983
6_文献記録,ヤケヤスデ科の一種,Paradoxosomatidae gen. sp.,27.39480116,128.6387027,1973,2,1973-II-14,鹿児島県,沖永良部島,family,no,-,Paradoxosomatidae,Polydesmida,-,no,益田 和昌,Kazumasa Masuda,L00466,100,yes,ヤケヤスデの一種,Strongylosomidae gen. sp.,和第2洞,,Ryosuke Kuwahara,2024-IX-26,1983
6_文献記録,ヤケヤスデ科の一種,Paradoxosomatidae gen. sp.,27.39480116,128.6387027,1973,2,1973-II-14,鹿児島県,沖永良部島,family,no,-,Paradoxosomatidae,Polydesmida,-,no,益田 和昌,Kazumasa Masuda,L00466,100,yes,ヤケヤスデの一種,Strongylosomidae gen. sp.,和第3洞,,Ryosuke Kuwahara,2024-IX-26,1983
6_文献記録,ヤケヤスデ科の一種,Paradoxosomatidae gen. sp.,27.39216613,128.6512772,1973,2,1973-II-16,鹿児島県,沖永良部島,family,no,-,Paradoxosomatidae,Polydesmida,-,no,益田 和昌,Kazumasa Masuda,L00466,100,yes,ヤケヤスデの一種,Strongylosomidae gen. sp.,和泊の洞窟,,Ryosuke Kuwahara,2024-IX-26,1983
6_文献記録,ヤケヤスデ科の一種,Paradoxosomatidae gen. sp.,27.39293287,128.5928939,1973,2,1973-II-20,鹿児島県,沖永良部島,family,no,-,Paradoxosomatidae,Polydesmida,-,no,益田 和昌,Kazumasa Masuda,L00466,100,yes,ヤケヤスデの一種,Strongylosomidae gen. sp.,永峰第1洞,,Ryosuke Kuwahara,2024-IX-26,1983
6_文献記録,ヤケヤスデ科の一種,Paradoxosomatidae gen. sp.,27.381542,128.593109,1973,2,1973-II-23,鹿児島県,沖永良部島,family,no,-,Paradoxosomatidae,Polydesmida,-,no,益田 和昌,Kazumasa Masuda,L00466,100,yes,ヤケヤスデの一種,Strongylosomidae gen. sp.,後蘭の洞窟,,Ryosuke Kuwahara,2024-IX-26,1983
6_文献記録,リュウキュウヤハズヤスデ,Glyphiulus septentrionalis,27.39480116,128.6387027,1973,2,1973-II-14,鹿児島県,沖永良部島,species,no,Glyphiulus,Cambalopsidae,Spirostreptida,-,no,益田 和昌,Kazumasa Masuda,L00466,100,yes,ヒゲヤスデの一種,Cambaloideae gen. sp.,和第3洞,,Ryosuke Kuwahara,2024-IX-26,1983
6_文献記録,リュウキュウヤハズヤスデ,Glyphiulus septentrionalis,27.41603965,128.6551075,1973,2,1973-II-15,鹿児島県,沖永良部島,species,no,Glyphiulus,Cambalopsidae,Spirostreptida,-,no,益田 和昌,Kazumasa Masuda,L00466,100,yes,ヒゲヤスデの一種,Cambaloideae gen. sp.,出花の洞窟,,Ryosuke Kuwahara,2024-IX-26,1983
6_文献記録,リュウキュウヤハズヤスデ,Glyphiulus septentrionalis,27.42787521,128.6888151,1973,2,1973-II-18,鹿児島県,沖永良部島,species,no,Glyphiulus,Cambalopsidae,Spirostreptida,-,no,益田 和昌,Kazumasa Masuda,L00466,100,yes,ヒゲヤスデの一種,Cambaloideae gen. sp.,国頭「クラゴー」,,Ryosuke Kuwahara,2024-IX-26,1983
6_文献記録,ヤンバルトサカヤスデ,Chamberlinius hualienensis,28.35507915,129.4998096,1992,-,1992,鹿児島県,奄美大島,species,no,Chamberlinius,Paradoxosomatidae,Polydesmida,-,no,-,-,L01091,74,yes,ヤンバルトサカヤスデ,Chamberlinius hualienensis,名瀬市,,Ryosuke Kuwahara,2024-IX-26,1999
6_文献記録,ヤンバルトサカヤスデ,Chamberlinius hualienensis,28.35507915,129.4998096,1999,9,1999-IX-16,鹿児島県,奄美大島,species,no,Chamberlinius,Paradoxosomatidae,Polydesmida,-,yes,-,-,L01091,75,yes,ヤンバルトサカヤスデ,Chamberlinius hualienensis,名瀬市,,Ryosuke Kuwahara,2024-IX-26,1999
6_文献記録,ヤンバルトサカヤスデ,Chamberlinius hualienensis,28.35507915,129.4998096,1999,10,1999-X-04,鹿児島県,奄美大島,species,no,Chamberlinius,Paradoxosomatidae,Polydesmida,-,yes,-,-,L01091,75,yes,ヤンバルトサカヤスデ,Chamberlinius hualienensis,名瀬市,,Ryosuke Kuwahara,2024-IX-26,1999
6_文献記録,ヤンバルトサカヤスデ,Chamberlinius hualienensis,28.35507915,129.4998096,1999,9,1999-IX-16,鹿児島県,奄美大島,species,no,Chamberlinius,Paradoxosomatidae,Polydesmida,10exs.,no,-,-,L01091,75,yes,ヤンバルトサカヤスデ,Chamberlinius hualienensis,名瀬市,,Ryosuke Kuwahara,2024-IX-26,1999
6_文献記録,ヤンバルトサカヤスデ,Chamberlinius hualienensis,28.35507915,129.4998096,1999,10,1999-X-04,鹿児島県,奄美大島,species,no,Chamberlinius,Paradoxosomatidae,Polydesmida,24M24F,yes,-,-,L01091,75,yes,ヤンバルトサカヤスデ,Chamberlinius hualienensis,名瀬市,,Ryosuke Kuwahara,2024-IX-26,1999
6_文献記録,-,Xystodesmus parvus,27.365667,128.566667,2010,6,2010-VI-13,鹿児島県,沖永良部島,species,no,Xystodesmus,Xystodesmidae,Polydesmida,4F,yes,Zoltán Korsós，中村 泰之,"Zoltán Korsós, Yasuyuki Nakamura",L01895,206,yes,-,Xystodesmus parvus,"Japan, Central Ryukyus, Kagoshima Pref., Amami Group, Okinoerabu-jima Isl., Oyama botanical garden, 27°21'56.4""N, 128°34'00.0""E, 240 m a.s.l.",,Ryosuke Kuwahara,2025-III-17,2025
6_文献記録,-,Xystodesmus parvus,27.365667,128.566667,2010,6,2010-VI-13,鹿児島県,沖永良部島,species,no,Xystodesmus,Xystodesmidae,Polydesmida,1M,yes,Zoltán Korsós，中村 泰之,"Zoltán Korsós, Yasuyuki Nakamura",L01895,206,yes,-,Xystodesmus parvus,"Japan, Central Ryukyus, Kagoshima Pref., Amami Group, Okinoerabu-jima Isl., Oyama botanical garden, 27°21'56.4""N, 128°34'00.0""E, 240 m a.s.l.",,Ryosuke Kuwahara,2025-III-17,2025
6_文献記録,-,Xystodesmus parvus,27.365667,128.566667,2010,6,2010-VI-13,鹿児島県,沖永良部島,species,no,Xystodesmus,Xystodesmidae,Polydesmida,3F,yes,Zoltán Korsós，中村 泰之,"Zoltán Korsós, Yasuyuki Nakamura",L01895,206,yes,-,Xystodesmus parvus,"Japan, Central Ryukyus, Kagoshima Pref., Amami Group, Okinoerabu-jima Isl., Oyama botanical garden, 27°21'56.4""N, 128°34'00.0""E, 240 m a.s.l.",,Ryosuke Kuwahara,2025-III-17,2025
6_文献記録,ヒメオビヤスデ属の一種,Corypholophus sp.,27.75521595,129.0264932,1972,7,1972-VII-31,鹿児島県,徳之島,genus,no,Corypholophus,Opisotretidae,Polydesmida,1F,yes,下謝名 松栄,Matsuei Shimojana,L00097,110,yes,-,-,"Maeyama Cave, Tokuwasé, Tokunoshima-chô",Murakami (1975)[L00097: p. 110]は雌や損傷が大きい標本のために同定を属に留めたが，Corypholophus ryukyuensisであることを示唆した．奄美大島からC. ryukyuensisが得られていることから（桒原採集），ヒメオビヤスデ科Opisotretidaeの別の種が得られない限りは与那国島から奄美大島の間に位置するこれらの記録もC. ryukyuensisであると考える．,Ryosuke Kuwahara,2022-XII-17,1975
6_文献記録,ヒメオビヤスデ属の一種,Corypholophus sp.,27.357078,128.560754,1972,4,1972-IV-04,鹿児島県,沖永良部島,genus,no,Corypholophus,Opisotretidae,Polydesmida,1F,yes,下謝名 松栄,Matsuei Shimojana,L00097,110,yes,-,-,"Erabu-dô Cave, China-chô",Murakami (1975)[L00097: p. 110]は雌や損傷が大きい標本のために同定を属に留めたが，Corypholophus ryukyuensisであることを示唆した．奄美大島からC. ryukyuensisが得られていることから（桒原採集），ヒメオビヤスデ科Opisotretidaeの別の種が得られない限りは与那国島から奄美大島の間に位置するこれらの記録もC. ryukyuensisであると考える．,Ryosuke Kuwahara,2022-XII-17,1975
6_文献記録,ヒメオビヤスデ属の一種,Corypholophus sp.,27.0284903,128.4321174,1972,8,1972-VIII-06,鹿児島県,与論島,genus,no,Corypholophus,Opisotretidae,Polydesmida,2F,yes,下謝名 松栄,Matsuei Shimojana,L00097,110,yes,-,-,"Ya-gô Cave, Gusuku",Murakami (1975)[L00097: p. 110]は雌や損傷が大きい標本のために同定を属に留めたが，Corypholophus ryukyuensisであることを示唆した．奄美大島からC. ryukyuensisが得られていることから（桒原採集），ヒメオビヤスデ科Opisotretidaeの別の種が得られない限りは与那国島から奄美大島の間に位置するこれらの記録もC. ryukyuensisであると考える．,Ryosuke Kuwahara,2022-XII-17,1975
5_標本記録,ヤマシナタマヤスデ,Hyleoglomeris yamashinai,28.453475,129.594231,2020,11,2020-XI-07,鹿児島県,奄美大島,species,no,Hyleoglomeris,Glomeridae,Glomerida,1M6F,yes,千代田 創真,Soma Chiyoda,,,,,,,,,,
5_標本記録,ヤケヤスデ科の一種,Paradoxosomatidae gen. sp.,28.453475,129.594231,2020,11,2020-XI-07,鹿児島県,奄美大島,family,no,-,Paradoxosomatidae,Polydesmida,1F,yes,千代田 創真,Soma Chiyoda,,,,,,,,,,
5_標本記録,アカヤスデ属の一種,Nedyopus sp. [Ryukyu_Small],28.183183,129.312642,2020,12,2020-XII-20,鹿児島県,奄美大島,species,yes,Nedyopus,Paradoxosomatidae,Polydesmida,2F,yes,千代田 創真,Soma Chiyoda,,,,,,,,,,
5_標本記録,フジヤスデ属の一種,Anaulaciulus sp.,28.284618,129.421475,2020,12,2020-XII-20,鹿児島県,奄美大島,genus,,Anaulaciulus,Julidae,Julida,1F,yes,千代田 創真,Soma Chiyoda,,,,,,,,,,
5_標本記録,フジヤスデ属の一種,Anaulaciulus sp. [Kagoshima_Amami],28.283775,129.421828,2020,12,2020-XII-19,鹿児島県,奄美大島,species,yes,Anaulaciulus,Julidae,Julida,1M,yes,千代田 創真,Soma Chiyoda,,,,,,,,,,
5_標本記録,シロハダヤスデ属の一種,Kiusiunum sp. [Kagoshima_Amami],28.183183,129.312642,2020,12,2020-XII-20,鹿児島県,奄美大島,species,yes,Kiusiunum,Cryptodesmidae,Polydesmida,2F,yes,千代田 創真,Soma Chiyoda,,,,,,,,,,
5_標本記録,ツムギヤスデ目の一種,Chordeumatida fam. gen. sp.,28.284618,129.421475,2020,12,2020-XII-20,鹿児島県,奄美大島,order,no,-,-,Chordeumatida,1F,yes,千代田 創真,Soma Chiyoda,,,,,,,,,,
5_標本記録,ヤマシナヒラタヤスデ,Yamasinaium noduligerum,28.284618,129.421475,2020,12,2020-XII-20,鹿児島県,奄美大島,species,no,Yamasinaium,Andrognathidae,Platydesmida,1M3F,yes,千代田 創真,Soma Chiyoda,,,,,,,,,,
5_標本記録,ヤマシナタマヤスデ,Hyleoglomeris yamashinai,28.287822,129.315564,2020,12,2020-XII-20,鹿児島県,奄美大島,species,no,Hyleoglomeris,Glomeridae,Glomerida,2F,yes,千代田 創真,Soma Chiyoda,,,,,,,,,,
5_標本記録,エリヤスデ属の一種,Eutrichodesmus sp.,28.282174,129.399347,2021,3,2021-III-13,鹿児島県,奄美大島,genus,yes,Eutrichodesmus,Haplodesmidae,Polydesmida,2M1F,yes,千代田 創真,Soma Chiyoda,,,,,,,,,,
5_標本記録,タカクワヤスデ属の一種,Xystodesmus sp. [Kagoshima_Amami_Yuwan],28.287833,129.315556,2020,12,2020-XII-20,鹿児島県,奄美大島,species,yes,Xystodesmus,Xystodesmidae,Polydesmida,3M,yes,千代田 創真,Soma Chiyoda,,,,,,,,,,
5_標本記録,タカクワヤスデ属の一種,Xystodesmus sp. [Kagoshima_Amami_Kachiura],28.192275,129.3614,2021,3,2021-III-15,鹿児島県,奄美大島,species,yes,Xystodesmus,Xystodesmidae,Polydesmida,1M1F,yes,桒原 良輔,Ryosuke Kuwahara,,,,,,,,,,
5_標本記録,アマビコヤスデ属の一種,Riukiaria sp. [Kagoshima_Amami],28.199333,129.364661,2021,3,2021-III-15,鹿児島県,奄美大島,species,yes,Riukiaria,Xystodesmidae,Polydesmida,1M,yes,桒原 良輔,Ryosuke Kuwahara,,,,,,,,,,
5_標本記録,アマビコヤスデ属の一種,Riukiaria sp. [Kagoshima_Amami],28.199333,129.364661,2021,3,2021-III-15,鹿児島県,奄美大島,species,yes,Riukiaria,Xystodesmidae,Polydesmida,1F,yes,桒原 良輔,Ryosuke Kuwahara,,,,,,,,,,
5_標本記録,アマビコヤスデ属の一種,Riukiaria sp. [Kagoshima_Amami],28.183122,129.377853,2021,3,2021-III-15,鹿児島県,奄美大島,species,yes,Riukiaria,Xystodesmidae,Polydesmida,1M,yes,桒原 良輔,Ryosuke Kuwahara,,,,,,,,,,
5_標本記録,アマビコヤスデ属の一種,Riukiaria sp. [Kagoshima_Amami],28.183122,129.377853,2021,3,2021-III-15,鹿児島県,奄美大島,species,yes,Riukiaria,Xystodesmidae,Polydesmida,1F,yes,桒原 良輔,Ryosuke Kuwahara,,,,,,,,,,
5_標本記録,アマビコヤスデ属の一種,Riukiaria sp. [Kagoshima_Amami],28.192275,129.3614,2021,3,2021-III-15,鹿児島県,奄美大島,species,yes,Riukiaria,Xystodesmidae,Polydesmida,1M,yes,桒原 良輔,Ryosuke Kuwahara,,,,,,,,,,
5_標本記録,アマビコヤスデ属の一種,Riukiaria sp. [Kagoshima_Amami],28.192275,129.3614,2021,3,2021-III-15,鹿児島県,奄美大島,species,yes,Riukiaria,Xystodesmidae,Polydesmida,1M,yes,桒原 良輔,Ryosuke Kuwahara,,,,,,,,,,
5_標本記録,アマビコヤスデ属の一種,Riukiaria sp. [Kagoshima_Amami],28.192275,129.3614,2021,3,2021-III-15,鹿児島県,奄美大島,species,yes,Riukiaria,Xystodesmidae,Polydesmida,1M,yes,桒原 良輔,Ryosuke Kuwahara,,,,,,,,,,
5_標本記録,アマビコヤスデ属の一種,Riukiaria sp. [Kagoshima_Amami],28.192275,129.3614,2021,3,2021-III-15,鹿児島県,奄美大島,species,yes,Riukiaria,Xystodesmidae,Polydesmida,1F,yes,桒原 良輔,Ryosuke Kuwahara,,,,,,,,,,
5_標本記録,フタマタアマビコヤスデ,Riukiaria bifida,28.455972,129.594553,2021,3,2021-III-18,鹿児島県,奄美大島,species,no,Riukiaria,Xystodesmidae,Polydesmida,1M,yes,桒原 良輔,Ryosuke Kuwahara,,,,,,,,,,
5_標本記録,フタマタアマビコヤスデ,Riukiaria bifida,28.455972,129.594553,2021,3,2021-III-18,鹿児島県,奄美大島,species,no,Riukiaria,Xystodesmidae,Polydesmida,1F,yes,桒原 良輔,Ryosuke Kuwahara,,,,,,,,,,
5_標本記録,-,Rhinotus purpureus,28.217414,129.242597,2021,3,2021-III-15,鹿児島県,奄美大島,species,no,Rhinotus,Siphonotidae,Polyzoniida,3M3F,yes,桒原 良輔,Ryosuke Kuwahara,,,,,,,,,,
5_標本記録,-,Rhinotus purpureus,28.217414,129.242597,2021,3,2021-III-15,鹿児島県,奄美大島,species,no,Rhinotus,Siphonotidae,Polyzoniida,1F1juv.,yes,桒原 良輔,Ryosuke Kuwahara,,,,,,,,,,
5_標本記録,シロハダヤスデ属の一種,Kiusiunum sp. [Kagoshima_Amami],28.319811,129.32385,2021,3,2021-III-14,鹿児島県,奄美大島,species,yes,Kiusiunum,Cryptodesmidae,Polydesmida,1M,yes,桒原 良輔,Ryosuke Kuwahara,,,,,,,,,,
5_標本記録,シロハダヤスデ属の一種,Kiusiunum sp. [Kagoshima_Amami],28.319303,129.325128,2021,3,2021-III-14,鹿児島県,奄美大島,species,yes,Kiusiunum,Cryptodesmidae,Polydesmida,1M,yes,桒原 良輔,Ryosuke Kuwahara,,,,,,,,,,
5_標本記録,ハガヤスデ属の一種,Ampelodesmus sp.,28.319303,129.325128,2021,3,2021-III-14,鹿児島県,奄美大島,genus,yes,Ampelodesmus,Pyrgodesmidae,Polydesmida,1M,yes,桒原 良輔,Ryosuke Kuwahara,,,,,,,,,,
5_標本記録,シロハダヤスデ属の一種,Kiusiunum sp. [Kagoshima_Amami],28.199333,129.364661,2021,3,2021-III-14,鹿児島県,奄美大島,species,yes,Kiusiunum,Cryptodesmidae,Polydesmida,1M,yes,桒原 良輔,Ryosuke Kuwahara,,,,,,,,,,
5_標本記録,ヤマシナヒラタヤスデ,Yamasinaium noduligerum,28.225036,129.211711,2021,3,2021-III-16,鹿児島県,奄美大島,species,no,Yamasinaium,Andrognathidae,Platydesmida,1M,yes,桒原 良輔,Ryosuke Kuwahara,,,,,,,,,,
5_標本記録,ヒメオビヤスデ科の一種,Opisotretidae gen. sp.,28.225036,129.211711,2021,3,2021-III-16,鹿児島県,奄美大島,family,no,-,Opisotretidae,Polydesmida,4F1juv.,yes,桒原 良輔,Ryosuke Kuwahara,,,,,,,,,,
5_標本記録,マクラギヤスデ,Niponia nodulosa,28.225036,129.211711,2021,3,2021-III-16,鹿児島県,奄美大島,species,no,Niponia,Cryptodesmidae,Polydesmida,1juv.,no,桒原 良輔,Ryosuke Kuwahara,,,,,,,,,,
5_標本記録,オウギヤスデ属の一種,Cryptocorypha sp.,28.225036,129.211711,2021,3,2021-III-16,鹿児島県,奄美大島,genus,no,Cryptocorypha,Pyrgodesmidae,Polydesmida,2juv.,no,桒原 良輔,Ryosuke Kuwahara,,,,,,,,,,
5_標本記録,オビヤスデ科の一種,Polydesmidae gen. sp.,28.321744,129.321797,2021,3,2021-III-16,鹿児島県,奄美大島,family,no,-,Polydesmidae,Polydesmida,2juv.,no,桒原 良輔,Ryosuke Kuwahara,,,,,,,,,,
5_標本記録,ヤマシナヒラタヤスデ,Yamasinaium noduligerum,28.321744,129.321797,2021,3,2021-III-16,鹿児島県,奄美大島,species,no,Yamasinaium,Andrognathidae,Platydesmida,2F1juv.,yes,桒原 良輔,Ryosuke Kuwahara,,,,,,,,,,
5_標本記録,ギボウシヤスデ科の一種,Siphonophoridae gen. sp. [Kagoshima_Amami],28.321547,129.321867,2021,3,2021-III-16,鹿児島県,奄美大島,species,yes,-,Siphonophoridae,Siphonophorida,2M2F4juv.,yes,桒原 良輔,Ryosuke Kuwahara,,,,,,,,,,
5_標本記録,ギボウシヤスデ科の一種,Siphonophoridae gen. sp. [Kagoshima_Amami],28.321547,129.321867,2021,3,2021-III-16,鹿児島県,奄美大島,species,yes,-,Siphonophoridae,Siphonophorida,3juv.,no,桒原 良輔,Ryosuke Kuwahara,,,,,,,,,,
5_標本記録,シロハダヤスデ属の一種,Kiusiunum sp. [Kagoshima_Amami],28.321547,129.321867,2021,3,2021-III-16,鹿児島県,奄美大島,species,yes,Kiusiunum,Cryptodesmidae,Polydesmida,3M1F,yes,桒原 良輔,Ryosuke Kuwahara,,,,,,,,,,
5_標本記録,アカヤスデ属の一種,Nedyopus sp. [Ryukyu_Small],28.321547,129.321867,2021,3,2021-III-16,鹿児島県,奄美大島,species,yes,Nedyopus,Paradoxosomatidae,Polydesmida,2F,yes,桒原 良輔,Ryosuke Kuwahara,,,,,,,,,,
5_標本記録,ヤマシナヒラタヤスデ,Yamasinaium noduligerum,28.336769,129.346364,2021,3,2021-III-16,鹿児島県,奄美大島,species,no,Yamasinaium,Andrognathidae,Platydesmida,1F,yes,桒原 良輔,Ryosuke Kuwahara,,,,,,,,,,
5_標本記録,ギボウシヤスデ科の一種,Siphonophoridae gen. sp. [Kagoshima_Amami],28.336769,129.346364,2021,3,2021-III-16,鹿児島県,奄美大島,species,yes,-,Siphonophoridae,Siphonophorida,1F,yes,桒原 良輔,Ryosuke Kuwahara,,,,,,,,,,
5_標本記録,マクラギヤスデ,Niponia nodulosa,28.337439,129.355197,2021,3,2021-III-16,鹿児島県,奄美大島,species,no,Niponia,Cryptodesmidae,Polydesmida,1F,yes,桒原 良輔,Ryosuke Kuwahara,,,,,,,,,,
5_標本記録,アカヤスデ属の一種,Nedyopus sp. [Ryukyu_Small],28.337439,129.355197,2021,3,2021-III-16,鹿児島県,奄美大島,species,yes,Nedyopus,Paradoxosomatidae,Polydesmida,1M1F,yes,桒原 良輔,Ryosuke Kuwahara,,,,,,,,,,
5_標本記録,ギボウシヤスデ科の一種,Siphonophoridae gen. sp. [Kagoshima_Amami],28.337439,129.355197,2021,3,2021-III-16,鹿児島県,奄美大島,species,yes,-,Siphonophoridae,Siphonophorida,3M,yes,桒原 良輔,Ryosuke Kuwahara,,,,,,,,,,
5_標本記録,ギボウシヤスデ科の一種,Siphonophoridae gen. sp. [Kagoshima_Amami],28.337439,129.355197,2021,3,2021-III-16,鹿児島県,奄美大島,species,yes,-,Siphonophoridae,Siphonophorida,1juv.,yes,桒原 良輔,Ryosuke Kuwahara,,,,,,,,,,
5_標本記録,ネンジュヤスデ属の一種,Sinostemmiulus sp.,28.264611,129.424464,2021,3,2021-III-16,鹿児島県,奄美大島,genus,yes,Sinostemmiulus,Nemasomatidae,Julida,1M,yes,桒原 良輔,Ryosuke Kuwahara,,,,,,,,,,
5_標本記録,ネンジュヤスデ属の一種,Sinostemmiulus sp.,28.283508,129.421236,2021,3,2021-III-16,鹿児島県,奄美大島,genus,yes,Sinostemmiulus,Nemasomatidae,Julida,1M,yes,桒原 良輔,Ryosuke Kuwahara,,,,,,,,,,
5_標本記録,エラブモトオビヤスデ,Polydesmus tanakai,28.283314,129.420903,2021,3,2021-III-16,鹿児島県,奄美大島,species,no,Polydesmus,Polydesmidae,Polydesmida,1F,yes,桒原 良輔,Ryosuke Kuwahara,,,,,,,,,,
5_標本記録,フジヤスデ属の一種,Anaulaciulus sp.,28.283311,129.420886,2021,3,2021-III-16,鹿児島県,奄美大島,genus,no,Anaulaciulus,Julidae,Julida,1F,yes,桒原 良輔,Ryosuke Kuwahara,,,,,,,,,,
5_標本記録,アカヤスデ属の一種,Nedyopus sp. [Ryukyu_Small],28.283753,129.421769,2021,3,2021-III-16,鹿児島県,奄美大島,species,yes,Nedyopus,Paradoxosomatidae,Polydesmida,1M1F,yes,桒原 良輔,Ryosuke Kuwahara,,,,,,,,,,
5_標本記録,フジヤスデ属の一種,Anaulaciulus sp.,28.283753,129.421769,2021,3,2021-III-16,鹿児島県,奄美大島,genus,no,Anaulaciulus,Julidae,Julida,2F1juv.,yes,桒原 良輔,Ryosuke Kuwahara,,,,,,,,,,
5_標本記録,マクラギヤスデ,Niponia nodulosa,28.455753,129.5947,2021,3,2021-III-17,鹿児島県,奄美大島,species,no,Niponia,Cryptodesmidae,Polydesmida,1M,yes,桒原 良輔,Ryosuke Kuwahara,,,,,,,,,,
5_標本記録,シロハダヤスデ属の一種,Kiusiunum sp. [Kagoshima_Amami],28.455753,129.5947,2021,3,2021-III-17,鹿児島県,奄美大島,species,yes,Kiusiunum,Cryptodesmidae,Polydesmida,1F,yes,桒原 良輔,Ryosuke Kuwahara,,,,,,,,,,
5_標本記録,ヤマシナタマヤスデ,Hyleoglomeris yamashinai,28.455753,129.5947,2021,3,2021-III-17,鹿児島県,奄美大島,species,no,Hyleoglomeris,Glomeridae,Glomerida,3F,yes,桒原 良輔,Ryosuke Kuwahara,,,,,,,,,,
5_標本記録,ツムギヤスデ目の一種,Chordeumatida fam. gen. sp.,28.455753,129.5947,2021,3,2021-III-17,鹿児島県,奄美大島,order,no,-,-,Chordeumatida,1F,yes,桒原 良輔,Ryosuke Kuwahara,,,,,,,,,,
5_標本記録,ヤマシナタマヤスデ,Hyleoglomeris yamashinai,28.45585,129.594708,2021,3,2021-III-18,鹿児島県,奄美大島,species,no,Hyleoglomeris,Glomeridae,Glomerida,9M5F3juv.,yes,桒原 良輔,Ryosuke Kuwahara,,,,,,,,,,
5_標本記録,ヤマシナタマヤスデ,Hyleoglomeris yamashinai,28.45585,129.594708,2021,3,2021-III-18,鹿児島県,奄美大島,species,no,Hyleoglomeris,Glomeridae,Glomerida,5F,yes,桒原 良輔,Ryosuke Kuwahara,,,,,,,,,,
5_標本記録,マギータマヤスデ,Hyleoglomeris magy,28.45585,129.594708,2021,3,2021-III-18,鹿児島県,奄美大島,species,no,Hyleoglomeris,Glomeridae,Glomerida,1M,yes,桒原 良輔,Ryosuke Kuwahara,,,,,,,,,,
5_標本記録,マクラギヤスデ,Niponia nodulosa,28.45585,129.594708,2021,3,2021-III-18,鹿児島県,奄美大島,species,no,Niponia,Cryptodesmidae,Polydesmida,5juv.,no,桒原 良輔,Ryosuke Kuwahara,,,,,,,,,,
5_標本記録,ヒメオビヤスデ科の一種,Opisotretidae gen. sp.,28.45585,129.594708,2021,3,2021-III-18,鹿児島県,奄美大島,family,no,-,Opisotretidae,Polydesmida,3juv.,no,桒原 良輔,Ryosuke Kuwahara,,,,,,,,,,
5_標本記録,オウギヤスデ属の一種,Cryptocorypha sp.,28.45585,129.594708,2021,3,2021-III-18,鹿児島県,奄美大島,genus,no,Cryptocorypha,Pyrgodesmidae,Polydesmida,1F,yes,桒原 良輔,Ryosuke Kuwahara,,,,,,,,,,
5_標本記録,フタマタアマビコヤスデ,Riukiaria bifida,28.45585,129.594708,2021,3,2021-III-18,鹿児島県,奄美大島,species,no,Riukiaria,Xystodesmidae,Polydesmida,1juv.,no,桒原 良輔,Ryosuke Kuwahara,,,,,,,,,,
5_標本記録,シロハダヤスデ属の一種,Kiusiunum sp. [Kagoshima_Amami],28.277967,129.406317,2021,3,2021-III-18,鹿児島県,奄美大島,species,yes,Kiusiunum,Cryptodesmidae,Polydesmida,1M,yes,桒原 良輔,Ryosuke Kuwahara,,,,,,,,,,
5_標本記録,シロハダヤスデ属の一種,Kiusiunum sp. [Kagoshima_Amami],28.280853,129.404964,2021,3,2021-III-18,鹿児島県,奄美大島,species,yes,Kiusiunum,Cryptodesmidae,Polydesmida,1M1F,yes,桒原 良輔,Ryosuke Kuwahara,,,,,,,,,,
5_標本記録,ヤマシナヒラタヤスデ,Yamasinaium noduligerum,28.280803,129.404831,2021,3,2021-III-18,鹿児島県,奄美大島,species,no,Yamasinaium,Andrognathidae,Platydesmida,1F,yes,桒原 良輔,Ryosuke Kuwahara,,,,,,,,,,
5_標本記録,マクラギヤスデ,Niponia nodulosa,28.280803,129.404831,2021,3,2021-III-18,鹿児島県,奄美大島,species,no,Niponia,Cryptodesmidae,Polydesmida,1F,yes,桒原 良輔,Ryosuke Kuwahara,,,,,,,,,,
5_標本記録,エリヤスデ属の一種,Eutrichodesmus sp.,28.280803,129.404831,2021,3,2021-III-18,鹿児島県,奄美大島,genus,yes,Eutrichodesmus,Haplodesmidae,Polydesmida,1F,yes,桒原 良輔,Ryosuke Kuwahara,,,,,,,,,,
5_標本記録,リュウキュウヒメオビヤスデ,Corypholophus ryukyuensis,28.280803,129.404831,2021,3,2021-III-18,鹿児島県,奄美大島,species,no,Corypholophus,Opisotretidae,Polydesmida,1M2juv.,yes,桒原 良輔,Ryosuke Kuwahara,,,,,,,,,,
5_標本記録,オウギヤスデ属の一種,Cryptocorypha sp.,28.280811,129.404889,2021,3,2021-III-18,鹿児島県,奄美大島,genus,no,Cryptocorypha,Pyrgodesmidae,Polydesmida,1juv.,no,桒原 良輔,Ryosuke Kuwahara,,,,,,,,,,
5_標本記録,ヤマシナヒラタヤスデ,Yamasinaium noduligerum,28.280811,129.404889,2021,3,2021-III-18,鹿児島県,奄美大島,species,no,Yamasinaium,Andrognathidae,Platydesmida,3M5F,yes,桒原 良輔,Ryosuke Kuwahara,,,,,,,,,,
5_標本記録,ヤマシナヒラタヤスデ,Yamasinaium noduligerum,28.280811,129.404889,2021,3,2021-III-18,鹿児島県,奄美大島,species,no,Yamasinaium,Andrognathidae,Platydesmida,5F,yes,桒原 良輔,Ryosuke Kuwahara,,,,,,,,,,
5_標本記録,オウギヤスデ属の一種,Cryptocorypha sp.,28.209256,129.331431,2021,3,2021-III-18,鹿児島県,奄美大島,genus,-,Cryptocorypha,Pyrgodesmidae,Polydesmida,1juv.,no,桒原 良輔,Ryosuke Kuwahara,,,,,,,,,,
5_標本記録,フジヤスデ属の一種,Anaulaciulus sp.,28.1994,129.338064,2021,3,2021-III-18,鹿児島県,奄美大島,genus,no,Anaulaciulus,Julidae,Julida,1F,yes,桒原 良輔,Ryosuke Kuwahara,,,,,,,,,,
5_標本記録,シロハダヤスデ属の一種,Kiusiunum sp. [Kagoshima_Amami],28.209256,129.331431,2021,3,2021-III-18,鹿児島県,奄美大島,species,yes,Kiusiunum,Cryptodesmidae,Polydesmida,1M,yes,桒原 良輔,Ryosuke Kuwahara,,,,,,,,,,
5_標本記録,ヤマシナヒラタヤスデ,Yamasinaium noduligerum,28.337161,129.354214,2021,3,2021-III-18,鹿児島県,奄美大島,species,no,Yamasinaium,Andrognathidae,Platydesmida,1M1F,yes,桒原 良輔,Ryosuke Kuwahara,,,,,,,,,,
5_標本記録,シロハダヤスデ属の一種,Kiusiunum sp. [Kagoshima_Amami],28.453694,129.594653,2021,3,2021-III-19,鹿児島県,奄美大島,species,yes,Kiusiunum,Cryptodesmidae,Polydesmida,1M1F,yes,桒原 良輔,Ryosuke Kuwahara,,,,,,,,,,
5_標本記録,タカクワヤスデ属の一種,Xystodesmus sp. [Kagoshima_Amami_Tatsugo],28.455972,129.594553,2021,3,2021-III-17,鹿児島県,奄美大島,species,yes,Xystodesmus,Xystodesmidae,Polydesmida,1M,yes,桒原 良輔,Ryosuke Kuwahara,,,,,,,,,,
5_標本記録,エラブモトオビヤスデ,Polydesmus tanakai,28.455972,129.594553,2021,3,2021-III-18,鹿児島県,奄美大島,species,no,Polydesmus,Polydesmidae,Polydesmida,1M,yes,桒原 良輔,Ryosuke Kuwahara,,,,,,,,,,
5_標本記録,アカヤスデ属の一種,Nedyopus sp. [Ryukyu_Small],28.455972,129.594553,2021,3,2021-III-18,鹿児島県,奄美大島,species,yes,Nedyopus,Paradoxosomatidae,Polydesmida,2M1F,yes,桒原 良輔,Ryosuke Kuwahara,,,,,,,,,,
5_標本記録,ヤンバルトサカヤスデ,Chamberlinius hualienensis,28.345313,129.42076,2023,10,2023-X-06,鹿児島県,奄美大島,species,no,Chamberlinius,Paradoxosomatidae,Polydesmida,1M,yes,菅野 雅子,Masako Kan-no,,,,,,,,,,
5_標本記録,ヤンバルトサカヤスデ,Chamberlinius hualienensis,28.44795,129.589463,2023,10,2023-X-06,鹿児島県,奄美大島,species,no,Chamberlinius,Paradoxosomatidae,Polydesmida,1M,yes,菅野 雅子,Masako Kan-no,,,,,,,,,,
5_標本記録,ヤンバルトサカヤスデ,Chamberlinius hualienensis,28.285272,129.301503,2023,10,2023-X-07,鹿児島県,奄美大島,species,no,Chamberlinius,Paradoxosomatidae,Polydesmida,2M,yes,菅野 雅子,Masako Kan-no,,,,,,,,,,
5_標本記録,ヤンバルトサカヤスデ,Chamberlinius hualienensis,28.287975,129.315389,2023,10,2023-X-07,鹿児島県,奄美大島,species,no,Chamberlinius,Paradoxosomatidae,Polydesmida,1M,yes,菅野 雅子,Masako Kan-no,,,,,,,,,,
5_標本記録,ヤンバルトサカヤスデ,Chamberlinius hualienensis,28.305274,129.330049,2023,10,2023-X-07,鹿児島県,奄美大島,species,no,Chamberlinius,Paradoxosomatidae,Polydesmida,1M,yes,菅野 雅子,Masako Kan-no,,,,,,,,,,
5_標本記録,ヤンバルトサカヤスデ,Chamberlinius hualienensis,28.395324,129.47353,2023,10,2023-X-08,鹿児島県,奄美大島,species,no,Chamberlinius,Paradoxosomatidae,Polydesmida,1M,yes,菅野 雅子,Masako Kan-no,,,,,,,,,,
5_標本記録,マギータマヤスデ,Hyleoglomeris magy,28.287975,129.315389,2023,10,2023-X-07,鹿児島県,奄美大島,species,no,Hyleoglomeris,Glomeridae,Glomerida,1F,yes,菅野 雅子,Masako Kan-no,,,,,,,,,,
5_標本記録,マギータマヤスデ,Hyleoglomeris magy,28.288151,129.315154,2023,10,2023-X-08,鹿児島県,奄美大島,species,no,Hyleoglomeris,Glomeridae,Glomerida,1F,yes,菅野 雅子,Masako Kan-no,,,,,,,,,,
5_標本記録,ヤマシナタマヤスデ,Hyleoglomeris yamashinai,28.287975,129.315389,2023,10,2023-X-07,鹿児島県,奄美大島,species,no,Hyleoglomeris,Glomeridae,Glomerida,3M,yes,菅野 雅子,Masako Kan-no,,,,,,,,,,
5_標本記録,ヤマシナタマヤスデ,Hyleoglomeris yamashinai,28.305274,129.330049,2023,10,2023-X-07,鹿児島県,奄美大島,species,no,Hyleoglomeris,Glomeridae,Glomerida,1F,yes,菅野 雅子,Masako Kan-no,,,,,,,,,,
5_標本記録,アマビコヤスデ属の一種,Riukiaria sp. [Kagoshima_Amami],28.287748,129.3158114,2023,12,2023-XII-28,鹿児島県,奄美大島,species,yes,Riukiaria,Xystodesmidae,Polydesmida,,,桒原 良輔,Ryosuke Kuwahara,,,,,,,,,,
5_標本記録,アマビコヤスデ属の一種,Riukiaria sp. [Kagoshima_Amami],28.2123208,129.3806206,2023,12,2023-XII-19,鹿児島県,奄美大島,species,yes,Riukiaria,Xystodesmidae,Polydesmida,,,桒原 良輔,Ryosuke Kuwahara,,,,,,,,,,
2_統合された種のタイプ産地,アマミアマビコヤスデ,Riukiaria scutata,28.34316256,129.4099603,1880,-,1880,鹿児島県,奄美大島,species,no,Riukiaria,Xystodesmidae,Polydesmida,3M,yes,-,Ludwig Heinrich Philipp Döderlein,L00410,71,yes,-,Riukiaria hoffmani,Liu Kiu Oschima,,Ryosuke Kuwahara,2022-XII-16,1952
1_タイプ産地,アマミアマビコヤスデ,Riukiaria scutata,28.34316256,129.4099603,-,-,-,鹿児島県,奄美大島,species,no,Riukiaria,Xystodesmidae,Polydesmida,-,yes,木場 一夫,Kazuo Koba,L00150,199,yes,-,Riukiaria scutata,Amami-Ôsima 奄美大島津奈久 (Kagosimaken),,Ryosuke Kuwahara,2022-XI-20,1942
1_タイプ産地,フタマタアマビコヤスデ,Riukiaria bifida,28.31335546,129.4586816,-,-,-,鹿児島県,奄美大島,species,no,Riukiaria,Xystodesmidae,Polydesmida,-,yes,木場 一夫,Kazuo Koba,L00150,200,yes,-,Rhysodesmus bifidus,Amami-Ôsima 奄美大島城附近 (Kagosimaken),,Ryosuke Kuwahara,2022-XI-20,1942
1_タイプ産地,エラブモトオビヤスデ,Polydesmus tanakai,27.362611,128.552548,1968,5,1968-V-09,鹿児島県,沖永良部島,species,no,Polydesmus,Polydesmidae,Polydesmida,1M,yes,田中 真悟,Shingo Tanaka,L00088,111,yes,Erabu Motoobiyasude,Polydesmus tanakai,"Shôryû-dô Cave, at Sumiyoshi in China-chô, Is. Okinoerabu-jima",,Ryosuke Kuwahara,2022-XII-17,1970
1_タイプ産地,-,Nipponothrix yuwandake,28.285222,129.315167,1993,2,1993-II-17,鹿児島県,奄美大島,species,no,Nipponothrix,Metopidiotrichidae,Chordeumatida,1M4F,yes,田邊 力,Tsutomu Tanabe,L00128,49,yes,-,Nipponothrix yuwandake,"Mt. Yuwan-dake, about 450 m elevation, Uken-san, Is. Amami-ôshima, Kagoshima Pref. (Ryukyu Islands), Japan",,Ryosuke Kuwahara,2023-I-01,1994
1_タイプ産地,-,Xystodesmus parvus,27.365667,128.566667,2010,6,2010-VI-13,鹿児島県,沖永良部島,species,no,Xystodesmus,Xystodesmidae,Polydesmida,1M,yes,Zoltán Korsós，中村 泰之,"Zoltán Korsós, Yasuyuki Nakamura",L01895,206,yes,-,Xystodesmus parvus,"Japan, Central Ryukyus, Kagoshima Pref., Amami Group, Okinoerabu-jima Isl., Oyama botanical garden, 27°21'56.4""N, 128°34'00.0""E, 240 m a.s.l.",,Ryosuke Kuwahara,2025-III-17,2025
